,precision,recall,f1-score,support
0,1.0,0.9666666666666667,0.9830508474576272,60.0
1,0.9828326180257511,0.9956521739130435,0.9892008639308856,230.0
2,0.9782608695652174,0.9574468085106383,0.967741935483871,47.0
accuracy,0.9851632047477745,0.9851632047477745,0.9851632047477745,0.9851632047477745
macro avg,0.9870311625303229,0.9732552163634495,0.9799978822907945,337.0
weighted avg,0.9852515223011514,0.9851632047477745,0.9851131172679622,337.0
