,precision,recall,f1-score,support
0,0.7109375,1.0,0.8310502283105022,182.0
1,0.7777777777777778,0.4632352941176471,0.5806451612903226,136.0
2,0.0,0.0,0.0,19.0
accuracy,0.7270029673590505,0.7270029673590505,0.7270029673590505,0.7270029673590505
macro avg,0.4962384259259259,0.48774509803921573,0.4705651298669416,337.0
weighted avg,0.6978290883613584,0.7270029673590505,0.6831420875014697,337.0
